{
    "init_time": 0,
    "server_port": 80,
    "packet_size": [
        2474,
        6357,
        3333,
        41300,
        10738,
        3723,
        64024,
        1368,
        26051,
        6222,
        68262,
        8279,
        43395,
        54034,
        8112,
        7295,
        7696,
        9994,
        161303,
        2343,
        32966,
        3801,
        62230,
        1252,
        109636,
        7716,
        3717,
        2717,
        3519,
        5955,
        10743,
        5524,
        1602,
        9511,
        4470,
        15899,
        40679,
        1825,
        4128,
        14452,
        0,
        83393,
        5582,
        10678,
        53051,
        39918,
        15375,
        14028,
        3117,
        3849,
        9256,
        139785,
        5747,
        6878,
        3948,
        1010,
        81869,
        8793,
        6225,
        8714,
        8528,
        3151,
        3978,
        3975,
        3029,
        0,
        7503,
        2847,
        37575,
        2592,
        21656,
        10552,
        12482,
        7617,
        3741,
        1798,
        4555,
        31129,
        13893,
        6458,
        43101,
        39031,
        10768,
        4463,
        7497,
        46993,
        4223,
        8973,
        14036,
        8871,
        7058,
        20883,
        0,
        41265,
        23742,
        9837,
        13848,
        117437,
        20874,
        8359,
        4327,
        13314,
        7852,
        14496,
        10282,
        4303,
        4723,
        11196,
        2986,
        46643,
        40083,
        38389,
        4173,
        2691,
        7205,
        2592,
        6412,
        9527,
        5821,
        1245,
        4017,
        58978,
        19509,
        2840,
        4644,
        16526,
        21222,
        3090,
        3137,
        0
    ],
    "time_between_packets": [
        0.0,
        0.012831638556659215,
        0.01962997483063476,
        6.280747816902712e-05,
        3.9133427676922614e-07,
        0.016944625627231306,
        0.012978964281947161,
        3.26584651423804,
        1.1170950969500284,
        0.3259735329151972,
        2.314865741991672,
        0.012509080719594572,
        1.612520144485603e-07,
        0.04656282061339881,
        0.02328547618485698,
        1.0560363511403251e-07,
        1.593287009348906e-05,
        1.8761970238172598,
        0.1682197574795029,
        0.007708988165913903,
        1.2995998413140601,
        0.00033955420507923804,
        3.737311482339576,
        0.47058991469184036,
        0.09883695981677924,
        0.30284565662853213,
        2.5891611649047274e-08,
        1.2177406375978124,
        0.34909114197047814,
        2.718330050837247,
        0.0057913879202718555,
        0.006110943039118349,
        0.004397054200703872,
        0.25894627328952824,
        0.043738502573303084,
        6.717899501839397,
        1.3648877403878452,
        0.025660013906514276,
        0.22602833272028505,
        2.96410772518067e-09,
        0.013097073309070761,
        0.0,
        9.691955184011382,
        6.667930251278682e-07,
        0.0747065741715734,
        1.926237519884274,
        1.5326185860441307e-05,
        0.050418143933205296,
        0.0005284430975047589,
        1.9644527175438642,
        3.3305039473670706e-08,
        0.13898301623890635,
        8.959381897634705e-08,
        0.9243100661750678,
        2.1006263767830577,
        3.3182770453953405e-06,
        0.05090823353688819,
        0.010433125293345493,
        0.021168289988275968,
        8.151812141595593e-08,
        4.984410518371876e-10,
        1.042969161969458,
        1.1135496056302683,
        0.017738274768031095,
        0.36800337432012453,
        8.411855883898085,
        0.0,
        0.10397240197355441,
        0.00031987785088105256,
        0.2435054973608481,
        0.15938772648992336,
        0.0018156141217571847,
        0.27911776396989707,
        0.003489996689253301,
        0.634369627651222,
        0.27448204976290286,
        0.03152872922617406,
        3.1494712917471417e-06,
        0.06036583422948663,
        0.7028897650716669,
        0.7601692450013917,
        0.021211891381841853,
        0.00025635409877559895,
        0.018903746500083564,
        0.08210953576046318,
        5.267354407686079,
        2.9857882114685385e-10,
        5.828729610648221e-08,
        0.03682304797304432,
        6.236846897738886e-05,
        1.682226427271935,
        4.801604105300132e-05,
        0.00467358476266986,
        0.0,
        0.25083941289612854,
        0.0002590241058205267,
        0.00029890476420852855,
        0.006383026126074902,
        0.31129528682322105,
        0.39893429144387005,
        0.047780220178307624,
        0.7243145121503451,
        3.6546195236661845e-06,
        6.809466212367012,
        4.7269310905145625,
        8.994701781762782e-06,
        1.2670888258325945,
        0.023558241270849305,
        0.1277750582620897,
        1.0528199999984673,
        1.456754178739549,
        0.0002273290267883943,
        0.0025714944582555066,
        0.3077249242434588,
        1.6356489014979667,
        0.26054799727022276,
        0.0061779063178553865,
        0.24594608537033244,
        2.9118137053461234e-06,
        0.002829404714721065,
        0.7345843348547348,
        0.00032530886588006514,
        1.3514414612298677,
        2.0342500904258753,
        0.003931906972593863,
        1.964038445619031,
        0.2540097577869358,
        1.6064276795177537,
        0.32479446609618035,
        6.66367301204265
    ],
    "duration": 100
}